Avg_loss,Accuracy
2.1515141303605363,0.40968333333333334
1.8838368026432453,0.5423666666666667
1.5134249830296806,0.6201833333333333
1.245741042119862,0.63965
1.0789713531033571,0.6534666666666666
0.9701436141660726,0.6680833333333334
0.8955255536509475,0.6828166666666666
0.8417190669187858,0.6968166666666666
0.8008619896384445,0.7104833333333334
0.7683162758472377,0.7238
