Avg_loss,Accuracy
2.16003275502211,0.4504666666666667
1.9063424864557506,0.5759166666666666
1.544587813842017,0.6166166666666667
1.272250366998888,0.6356166666666667
1.1021270176240885,0.6503666666666666
